{"cameraMode":{"drawMode":0,"name":"Shaded","section":"Shading Mode"},"sceneLighting":false,"audioPlay":false,"sceneViewState":{"m_AlwaysRefresh":false,"showFog":false,"showSkybox":true,"showFlares":true,"showImageEffects":true,"showParticleSystems":true,"showVisualEffectGraphs":true,"m_FxEnabled":true},"in2DMode":false,"pivot":{"x":1122.134033203125,"y":367.70465087890627,"z":199.61248779296876},"rotation":{"x":0.08457515388727188,"y":-0.31903010606765749,"z":0.028599871322512628,"w":0.9435417652130127},"size":17.729143142700197,"orthographic":false}